<?xml version="1.0" encoding="UTF-8" standalone="yes"?>
<addon id="plugin.video.quranmp4"
       name="QuranMP4"
       version="1.0.0"
       provider-name="Ahmad Al-Ani">
  <requires>
    <import addon="xbmc.python" version="2.1.0"/>
    <import addon="script.module.beautifulsoup" version="3.2.1"/>
    <import addon="script.module.simple.downloader" version="0.9.4"/>
    <import addon="script.module.simplejson" />
  </requires>
  <extension point="xbmc.python.pluginsource" library="default.py">
    <provides>video</provides>
  </extension>
  <extension point="xbmc.addon.metadata">
    <summary>QuranMP4</summary>
    <description>
      Read Quran text while listening to the reciter. To download the raw MP4 files, you can visit quranmp4.com or ue the android app QuranMP4.
    </description>
    <platform>all</platform>
  </extension>
</addon>
